<?xml version="1.0" encoding="UTF-8"?>
<lom xmlns="http://ltsc.ieee.org/xsd/LOM" xmlns:xsi="http://www.w3.org/2001/XMLSchema-instance" xsi:schemaLocation="http://ltsc.ieee.org/xsd/LOM lomCustom.xsd"><general uniqueElementName="general"><identifier><catalog uniqueElementName="catalog">My Catalog</catalog><entry uniqueElementName="entry">ODE-20251223125045RBTVOF</entry></identifier><title><string language="es">¡QUE SUENE LA MÚSICA!</string></title><language>es</language><description><string language="es">LA NARRACIÓN Y LOS TIPOS DE NARRADORES.
VOCABULARIO SOBRE MÚSICA. 
MITOS Y LEYENDAS RELACIONADOS CON EL PODER DE LA MÚSICA.
DIMINUTIVOS Y AUMENTATIVOS.
LA NARRACIÓN LITERARIA DE MITOS Y LEYENDAS. 
LA DERIVACIÓN Y COMPOSICIÓN DE PALABRAS CON PREFIJOS Y SUFIJOS.
USO DE LA TILDE EN PALABRAS COMPUESTAS Y TERMINADAS EN -MENTE.</string></description><aggregationLevel uniqueElementName="aggregationLevel"><source uniqueElementName="source">LOM-ESv1.0</source><value uniqueElementName="value">2</value></aggregationLevel></general><lifeCycle><contribute><role uniqueElementName="role"><source uniqueElementName="source">LOM-ESv1.0</source><value uniqueElementName="value">author</value></role><entity>BEGIN:VCARD VERSION:3.0 FN:María de los Ángeles Gómez Amezcua EMAIL;TYPE=INTERNET: ORG: END:VCARD</entity><date><dateTime uniqueElementName="dateTime">2025-12-23T15:30:28.00+00:00</dateTime><description><string language="es">Fecha de creación de metadatos</string></description></date></contribute></lifeCycle><metaMetadata uniqueElementName="metaMetadata"><contribute><role uniqueElementName="role"><source uniqueElementName="source">LOM-ESv1.0</source><value uniqueElementName="value">creator</value></role><entity>BEGIN:VCARD VERSION:3.0 FN:María de los Ángeles Gómez Amezcua EMAIL;TYPE=INTERNET: ORG: END:VCARD</entity><date><dateTime uniqueElementName="dateTime">2025-12-23T15:30:28.00+00:00</dateTime><description><string language="es">Fecha de creación de metadatos</string></description></date></contribute><metadataSchema>LOM-ESv1.0</metadataSchema><language>es</language></metaMetadata><technical uniqueElementName="technical"><otherPlatformRequirements><string language="es">editor: eXe Learning</string></otherPlatformRequirements></technical><educational><language>es</language></educational><rights uniqueElementName="rights"><copyrightAndOtherRestrictions uniqueElementName="copyrightAndOtherRestrictions"><source uniqueElementName="source">LOM-ESv1.0</source><value uniqueElementName="value">creative commons: attribution - share alike 4.0</value></copyrightAndOtherRestrictions><access uniqueElementName="access"><accessType uniqueElementName="accessType"><source uniqueElementName="source">LOM-ESv1.0</source><value uniqueElementName="value">universal</value></accessType><description><string language="en">Default</string></description></access></rights></lom>
