<?xml version="1.0" encoding="UTF-8"?>
<manifest identifier="eXe-MANIFEST-20251223125045RBTVOF" xmlns="http://www.imsproject.org/xsd/imscp_rootv1p1p2" xmlns:adlcp="http://www.adlnet.org/xsd/adlcp_rootv1p2" xmlns:imsmd="http://www.imsglobal.org/xsd/imsmd_v1p2" xmlns:xsi="http://www.w3.org/2001/XMLSchema-instance" xsi:schemaLocation="http://www.imsproject.org/xsd/imscp_rootv1p1p2 imscp_rootv1p1p2.xsd http://www.imsglobal.org/xsd/imsmd_rootv1p2p1 imsmd_rootv1p2p1.xsd http://www.adlnet.org/xsd/adlcp_rootv1p2 adlcp_rootv1p2.xsd"><metadata><schema>ADL SCORM</schema><schemaversion>1.2</schemaversion><adlcp:location>imslrm.xml</adlcp:location></metadata><organizations default="eXe-20251223125045RBTVOF"><organization identifier="eXe-20251223125045RBTVOF" structure="hierarchical"><title>¡QUE SUENE LA MÚSICA!</title><item identifier="ITEM-20251223125045JYUPUM" identifierref="RES-20251223125045JYUPUM" isvisible="true"><title>¡QUE SUENE LA MÙSICA!</title><item identifier="ITEM-2025122314304345006T" identifierref="RES-2025122314304345006T" isvisible="true"><title>LÍNEA DE TIEMPO</title></item><item identifier="ITEM-20251223142353260K9Y" identifierref="RES-20251223142353260K9Y" isvisible="true"><title>PADLET</title></item><item identifier="ITEM-20251223143657703ZJW" identifierref="RES-20251223143657703ZJW" isvisible="true"><title>LA NARRACIÓN Y LOS TIPOS DE NARRADORES</title></item><item identifier="ITEM-20251223143926865MCW" identifierref="RES-20251223143926865MCW" isvisible="true"><title>VOCABULARIO SOBRE MÚSICA</title></item><item identifier="ITEM-20251223144008089CNQ" identifierref="RES-20251223144008089CNQ" isvisible="true"><title>AUMENTATIVOS Y DIMINUTIVOS</title></item><item identifier="ITEM-20251223144142565ONJ" identifierref="RES-20251223144142565ONJ" isvisible="true"><title>MITOS Y LEYENDAS</title></item><item identifier="ITEM-20251223144447468ZCG" identifierref="RES-20251223144447468ZCG" isvisible="true"><title>NARRACIÓN LITERARIA</title></item><item identifier="ITEM-20251223144810929B2L" identifierref="RES-20251223144810929B2L" isvisible="true"><title>PREFIJOS Y SUFIJOS</title></item><item identifier="ITEM-202512231451565960AZ" identifierref="RES-202512231451565960AZ" isvisible="true"><title>PALABRAS COMPUESTAS</title></item><item identifier="ITEM-20251223141357102VA3" identifierref="RES-20251223141357102VA3" isvisible="true"><title>DÍMELO CANTANDO, CUÉNTAMELO RIMANDO</title></item><item identifier="ITEM-20251223142606481JD1" identifierref="RES-20251223142606481JD1" isvisible="true"><title>SYMBALOO</title></item></item></organization></organizations><resources><resource identifier="RES-20251223125045JYUPUM" type="webcontent" adlcp:scormtype="sco" href="index.html"><file href="index.html"/><file href="idevices/download-source-file/download-package-licenses.png"/><file href="idevices/download-source-file/download-source-file.css"/><dependency identifierref="COMMON_FILES"/></resource><resource identifier="RES-2025122314304345006T" type="webcontent" adlcp:scormtype="sco" href="html/lÍnea-de-tiempo.html"><file href="html/lÍnea-de-tiempo.html"/><file href="content/resources/202512231430471252IU/mceclip0.jpg"/><file href="idevices/text/text.css"/><file href="idevices/text/text.html"/><file href="idevices/text/text.js"/><dependency identifierref="COMMON_FILES"/></resource><resource identifier="RES-20251223142353260K9Y" type="webcontent" adlcp:scormtype="sco" href="html/padlet.html"><file href="html/padlet.html"/><file href="idevices/text/text.css"/><file href="idevices/text/text.html"/><file href="idevices/text/text.js"/><dependency identifierref="COMMON_FILES"/></resource><resource identifier="RES-20251223143657703ZJW" type="webcontent" adlcp:scormtype="sco" href="html/la-narraciÓn-y-los-tipos-de-narradores.html"><file href="html/la-narraciÓn-y-los-tipos-de-narradores.html"/><file href="idevices/text/text.css"/><file href="idevices/text/text.html"/><file href="idevices/text/text.js"/><dependency identifierref="COMMON_FILES"/></resource><resource identifier="RES-20251223143926865MCW" type="webcontent" adlcp:scormtype="sco" href="html/vocabulario-sobre-mÚsica.html"><file href="html/vocabulario-sobre-mÚsica.html"/><file href="idevices/text/text.css"/><file href="idevices/text/text.html"/><file href="idevices/text/text.js"/><dependency identifierref="COMMON_FILES"/></resource><resource identifier="RES-20251223144008089CNQ" type="webcontent" adlcp:scormtype="sco" href="html/aumentativos-y-diminutivos.html"><file href="html/aumentativos-y-diminutivos.html"/><file href="idevices/text/text.css"/><file href="idevices/text/text.html"/><file href="idevices/text/text.js"/><dependency identifierref="COMMON_FILES"/></resource><resource identifier="RES-20251223144142565ONJ" type="webcontent" adlcp:scormtype="sco" href="html/mitos-y-leyendas.html"><file href="html/mitos-y-leyendas.html"/><file href="idevices/text/text.css"/><file href="idevices/text/text.html"/><file href="idevices/text/text.js"/><dependency identifierref="COMMON_FILES"/></resource><resource identifier="RES-20251223144447468ZCG" type="webcontent" adlcp:scormtype="sco" href="html/narraciÓn-literaria.html"><file href="html/narraciÓn-literaria.html"/><file href="content/resources/20251223144450483Z70/1.jpg"/><file href="content/resources/20251223144450483Z70/2.jpg"/><file href="content/resources/20251223144450483Z70/Evaluacion.docx"/><file href="content/resources/20251223144450483Z70/Rubrica_1.pdf"/><file href="idevices/text/text.css"/><file href="idevices/text/text.html"/><file href="idevices/text/text.js"/><dependency identifierref="COMMON_FILES"/></resource><resource identifier="RES-20251223144810929B2L" type="webcontent" adlcp:scormtype="sco" href="html/prefijos-y-sufijos.html"><file href="html/prefijos-y-sufijos.html"/><file href="idevices/text/text.css"/><file href="idevices/text/text.html"/><file href="idevices/text/text.js"/><dependency identifierref="COMMON_FILES"/></resource><resource identifier="RES-202512231451565960AZ" type="webcontent" adlcp:scormtype="sco" href="html/palabras-compuestas.html"><file href="html/palabras-compuestas.html"/><file href="idevices/text/text.css"/><file href="idevices/text/text.html"/><file href="idevices/text/text.js"/><dependency identifierref="COMMON_FILES"/></resource><resource identifier="RES-20251223141357102VA3" type="webcontent" adlcp:scormtype="sco" href="html/dÍmelo-cantando-cuÉntamelo-rimando.html"><file href="html/dÍmelo-cantando-cuÉntamelo-rimando.html"/><file href="content/resources/20251223141403600TMW/Escala_de_observacion.pdf"/><file href="content/resources/20251223141403600TMW/Infografia_Cronologica_Linea_deInfografia_Proteccion_de_Datos_Personales_y_Derechos_Digitales.pdf"/><file href="idevices/text/text.css"/><file href="idevices/text/text.html"/><file href="idevices/text/text.js"/><dependency identifierref="COMMON_FILES"/></resource><resource identifier="RES-20251223142606481JD1" type="webcontent" adlcp:scormtype="sco" href="html/symbaloo.html"><file href="html/symbaloo.html"/><file href="idevices/text/text.css"/><file href="idevices/text/text.html"/><file href="idevices/text/text.js"/><dependency identifierref="COMMON_FILES"/></resource><resource identifier="COMMON_FILES" type="webcontent" adlcp:scormtype="asset"><file href="libs/favicon.ico"/><file href="libs/bootstrap/bootstrap.min.css"/><file href="libs/bootstrap/bootstrap.bundle.min.js.map"/><file href="libs/bootstrap/bootstrap.bundle.min.js"/><file href="libs/bootstrap/bootstrap.min.css.map"/><file href="libs/jquery/jquery.min.js"/><file href="libs/exe_export.js"/><file href="libs/SCORM_API_wrapper.js"/><file href="libs/SCOFunctions.js"/><file href="libs/common.js"/><file href="libs/common_i18n.js"/><file href="content/css/icons/exe-chevron-icon.svg"/><file href="content/css/icons/aright.svg"/><file href="content/css/icons/exe-delete-icon-green.svg"/><file href="content/css/icons/exe-info-icon-green.svg"/><file href="content/css/icons/exe-arrow-icon-green.svg"/><file href="content/css/icons/exe-preview-icon-green.svg"/><file href="content/css/icons/aleft.svg"/><file href="content/css/icons/exe-games-icon-green.svg"/><file href="content/css/icons/exe-delete-icon-red.svg"/><file href="content/css/icons/exe-move-icon.svg"/><file href="content/css/icons/exe-download-icon-green.svg"/><file href="content/css/icons/exe-settings-icon.svg"/><file href="content/css/icons/exe-new-icon-green.svg"/><file href="content/css/icons/exe-colors-icon-green.svg"/><file href="content/css/icons/exe-share-icon.svg"/><file href="content/css/icons/exe-undo-icon.svg"/><file href="content/css/icons/exe-recent-icon-green.svg"/><file href="content/css/icons/exe-edit-icon-green.svg"/><file href="content/css/icons/exe-open-icon.svg"/><file href="content/css/icons/exe-drag-handle-icon.svg"/><file href="content/css/icons/exe-interactive-icon-green.svg"/><file href="content/css/icons/exe-image-compact-icon.svg"/><file href="content/css/icons/exe-save-icon.svg"/><file href="content/css/icons/exe-share-icon-green.svg"/><file href="content/css/icons/exe-page-icon-green.svg"/><file href="content/css/icons/exe-preview-icon-white.svg"/><file href="content/css/icons/exe-download-icon.svg"/><file href="content/css/icons/plus.svg"/><file href="content/css/icons/exe-dots-menu-vertical-icon.svg"/><file href="content/css/icons/exe-image-icon-green.svg"/><file href="content/css/icons/exe-print-icon-green.svg"/><file href="content/css/icons/exe-styles-icon.svg"/><file href="content/css/icons/add.svg"/><file href="content/css/icons/exe-page-icon.svg"/><file href="content/css/icons/exe-image-compact-icon-green.svg"/><file href="content/css/icons/exe-chevron-icon-green.svg"/><file href="content/css/icons/exe-undo-icon-green.svg"/><file href="content/css/icons/exe-close-icon.svg"/><file href="content/css/icons/exe-menu-icon.svg"/><file href="content/css/icons/exe-save-icon-green.svg"/><file href="content/css/icons/exe-new-icon.svg"/><file href="content/css/icons/exe-link-icon.svg"/><file href="content/css/icons/exe-evaluation-icon-green.svg"/><file href="content/css/icons/exe-palette-icon-green.svg"/><file href="content/css/icons/exe-info-icon-solid-green.svg"/><file href="content/css/icons/exe-concurrent-users-icon.svg"/><file href="content/css/icons/exe-duplicate-icon.svg"/><file href="content/css/icons/exe-duplicate-icon-green.svg"/><file href="content/css/icons/exe-science-icon-green.svg"/><file href="content/css/icons/exe-upload-cloud-icon.svg"/><file href="content/css/icons/exe-close-icon-white.svg"/><file href="content/css/icons/exe-delete-icon.svg"/><file href="content/css/icons/exe-expand-icon-green.svg"/><file href="content/css/icons/exe-arrow-icon.svg"/><file href="content/css/icons/exe-compress-icon.svg"/><file href="content/css/icons/cross.svg"/><file href="content/css/icons/exe-import-icon.svg"/><file href="content/css/icons/exe-report-icon-green.svg"/><file href="content/css/icons/exe-settings-icon-green.svg"/><file href="content/css/icons/exe-upload-cloud-icon-green.svg"/><file href="content/css/icons/exe-search-icon.svg"/><file href="content/css/icons/menu.svg"/><file href="content/css/icons/exe-download-icon-disabled.svg"/><file href="content/css/icons/exe-dots-menu-vertical-icon-green.svg"/><file href="content/css/icons/exe-save-icon-white.svg"/><file href="content/css/icons/exe-import-icon-green.svg"/><file href="content/css/icons/exe-user-made-icon.svg"/><file href="content/css/icons/exe-move-icon-green.svg"/><file href="content/css/icons/exe-edit-icon.svg"/><file href="content/css/icons/minus.svg"/><file href="content/css/icons/exe-information-icon-green.svg"/><file href="content/css/icons/exe-chevron-icon-white.svg"/><file href="content/css/base.css"/><file href="content/img/exe_powered_logo.png"/><file href="theme/screenshot.png"/><file href="theme/style.js"/><file href="theme/config.xml"/><file href="theme/img/licenses.gif"/><file href="theme/img/icons.png"/><file href="theme/icons/info.png"/><file href="theme/icons/roadmap.png"/><file href="theme/icons/competencies.png"/><file href="theme/icons/stop.png"/><file href="theme/icons/calculate.png"/><file href="theme/icons/book.png"/><file href="theme/icons/collaborative.png"/><file href="theme/icons/ask.png"/><file href="theme/icons/download.png"/><file href="theme/icons/gallery.png"/><file href="theme/icons/objectives.png"/><file href="theme/icons/pieces.png"/><file href="theme/icons/case.png"/><file href="theme/icons/guide.png"/><file href="theme/icons/file.png"/><file href="theme/icons/interactive.png"/><file href="theme/icons/music.png"/><file href="theme/icons/alert.png"/><file href="theme/icons/draw.png"/><file href="theme/icons/reflection.png"/><file href="theme/icons/observe.png"/><file href="theme/icons/think_alt.png"/><file href="theme/icons/present.png"/><file href="theme/icons/diary_alt.png"/><file href="theme/icons/passport.png"/><file href="theme/icons/sport.png"/><file href="theme/icons/technology.png"/><file href="theme/icons/history.png"/><file href="theme/icons/perform.png"/><file href="theme/icons/diary.png"/><file href="theme/icons/math.png"/><file href="theme/icons/suitcase.png"/><file href="theme/icons/geography.png"/><file href="theme/icons/arts.png"/><file href="theme/icons/activity.png"/><file href="theme/icons/listen.png"/><file href="theme/icons/video.png"/><file href="theme/icons/nature.png"/><file href="theme/icons/share.png"/><file href="theme/icons/chrono.png"/><file href="theme/icons/think.png"/><file href="theme/icons/discuss.png"/><file href="theme/icons/agreement.png"/><file href="theme/icons/letters.png"/><file href="theme/icons/experiment.png"/><file href="theme/icons/piece.png"/><file href="theme/icons/explore.png"/><file href="theme/icons/play.png"/><file href="theme/icons/start.png"/><file href="theme/icons/english.png"/><file href="theme/style.css"/><file href="common/elementTypes.xsd"/><file href="common/dataTypes.xsd"/><file href="common/vocabTypes.xsd"/><file href="common/rootElement.xsd"/><file href="common/elementNames.xsd"/><file href="common/vocabValues.xsd"/><file href="common/anyElement.xsd"/><file href="extend/strict.xsd"/><file href="unique/strict.xsd"/><file href="vocab/strict.xsd"/><file href="vocab/lomesvocab.xsd"/><file href="vocab/custom.xsd"/><file href="adlcp_rootv1p2.xsd"/><file href="content.xml"/><file href="ims_xml.xsd"/><file href="imscp_rootv1p1p2.xsd"/><file href="imslrm.xml"/><file href="imsmd_rootv1p2p1.xsd"/><file href="lom.xsd"/><file href="lomCustom.xsd"/><file href="¡QUE SUENE LA MÚSICA!.elpx"/></resource></resources></manifest>
