<?xml version="1.0" encoding="utf-8"?>
<ode><userPreferences><userPreference><key>theme</key><value>base</value></userPreference></userPreferences><odeResources><odeResource><key>odeVersionId</key><value>20260104114641FVRSSE</value></odeResource><odeResource><key>odeId</key><value>20251223125045RBTVOF</value></odeResource><odeResource><key>odeVersionName</key><value>0</value></odeResource><odeResource><key>isDownload</key><value>true</value></odeResource></odeResources><odeProperties><odeProperty><key>pp_title</key><value>¡QUE SUENE LA MÚSICA!</value></odeProperty><odeProperty><key>pp_lang</key><value>es</value></odeProperty><odeProperty><key>pp_author</key><value>María de los Ángeles Gómez Amezcua</value></odeProperty><odeProperty><key>license</key><value>creative commons: attribution - share alike 4.0</value></odeProperty><odeProperty><key>pp_description</key><value>LA NARRACIÓN Y LOS TIPOS DE NARRADORES.
VOCABULARIO SOBRE MÚSICA. 
MITOS Y LEYENDAS RELACIONADOS CON EL PODER DE LA MÚSICA.
DIMINUTIVOS Y AUMENTATIVOS.
LA NARRACIÓN LITERARIA DE MITOS Y LEYENDAS. 
LA DERIVACIÓN Y COMPOSICIÓN DE PALABRAS CON PREFIJOS Y SUFIJOS.
USO DE LA TILDE EN PALABRAS COMPUESTAS Y TERMINADAS EN -MENTE.</value></odeProperty><odeProperty><key>exportSource</key><value>true</value></odeProperty><odeProperty><key>pp_addExeLink</key><value>true</value></odeProperty><odeProperty><key>pp_exportElp</key><value>false</value></odeProperty><odeProperty><key>pp_addPagination</key><value>false</value></odeProperty><odeProperty><key>pp_addSearchBox</key><value>false</value></odeProperty><odeProperty><key>pp_addAccessibilityToolbar</key><value>false</value></odeProperty><odeProperty><key>pp_extraHeadContent</key><value/></odeProperty><odeProperty><key>footer</key><value/></odeProperty></odeProperties><odeNavStructures><odeNavStructure><odePageId>20260104114641VFOGKH</odePageId><odeParentPageId/><pageName>¡QUÉ SUENE LA MÙSICA!</pageName><odeNavStructureOrder>1</odeNavStructureOrder><odeNavStructureProperties><odeNavStructureProperty><key>titleNode</key><value>¡QUÉ SUENE LA MÙSICA!</value></odeNavStructureProperty><odeNavStructureProperty><key>hidePageTitle</key><value>false</value></odeNavStructureProperty><odeNavStructureProperty><key>titleHtml</key><value/></odeNavStructureProperty><odeNavStructureProperty><key>editableInPage</key><value>false</value></odeNavStructureProperty><odeNavStructureProperty><key>titlePage</key><value>¡QUÉ SUENE LA MÙSICA!</value></odeNavStructureProperty><odeNavStructureProperty><key>visibility</key><value>true</value></odeNavStructureProperty><odeNavStructureProperty><key>highlight</key><value>false</value></odeNavStructureProperty><odeNavStructureProperty><key>description</key><value/></odeNavStructureProperty></odeNavStructureProperties><odePagStructures><odePagStructure><odePageId>20260104114641VFOGKH</odePageId><odeBlockId>20260104114641XGVTMJ</odeBlockId><blockName>¡QUÉ SUENE LA MÚSICA!</blockName><iconName/><odePagStructureOrder>1</odePagStructureOrder><odePagStructureProperties><odePagStructureProperty><key>visibility</key><value>true</value></odePagStructureProperty><odePagStructureProperty><key>teacherOnly</key><value>false</value></odePagStructureProperty><odePagStructureProperty><key>allowToggle</key><value>true</value></odePagStructureProperty><odePagStructureProperty><key>minimized</key><value>false</value></odePagStructureProperty><odePagStructureProperty><key>identifier</key><value/></odePagStructureProperty><odePagStructureProperty><key>cssClass</key><value/></odePagStructureProperty></odePagStructureProperties><odeComponents><odeComponent><odePageId>20260104114641VFOGKH</odePageId><odeBlockId>20260104114641XGVTMJ</odeBlockId><odeIdeviceId>202512231410092814IR</odeIdeviceId><odeIdeviceTypeName>download-source-file</odeIdeviceTypeName><htmlView>&lt;div class="exe-download-package-instructions"&gt;&lt;table class="exe-table exe-package-info"&gt;&lt;caption&gt;&lt;a href="https://www.canva.com/design/DAG6MM8Dr_E/s9txi3B_GDqA2j3hVJInPg/edit?utm_content=DAG6MM8Dr_E&amp;utm_campaign=designshare&amp;utm_medium=link2&amp;utm_source=sharebutton" title="¡QUE SUENE LA MÚSICA!"&gt;Información general sobre este recurso educativo&lt;/a&gt;&lt;/caption&gt;
&lt;tbody&gt;
&lt;tr&gt;
&lt;th&gt;&lt;a href="https://www.canva.com/design/DAG6MM8Dr_E/s9txi3B_GDqA2j3hVJInPg/edit?utm_content=DAG6MM8Dr_E&amp;utm_campaign=designshare&amp;utm_medium=link2&amp;utm_source=sharebutton" title="¡QUE SUENE LA MÚSICA!"&gt;Título&lt;/a&gt;&lt;/th&gt;
&lt;td&gt;&lt;a href="https://www.canva.com/design/DAG6MM8Dr_E/s9txi3B_GDqA2j3hVJInPg/edit?utm_content=DAG6MM8Dr_E&amp;utm_campaign=designshare&amp;utm_medium=link2&amp;utm_source=sharebutton" title="¡QUE SUENE LA MÚSICA!"&gt;¡QUÉ SUENE LA MÚSICA!&lt;/a&gt;&lt;/td&gt;
&lt;/tr&gt;
&lt;tr&gt;
&lt;th&gt;&lt;a href="https://www.canva.com/design/DAG6MM8Dr_E/s9txi3B_GDqA2j3hVJInPg/edit?utm_content=DAG6MM8Dr_E&amp;utm_campaign=designshare&amp;utm_medium=link2&amp;utm_source=sharebutton" title="¡QUE SUENE LA MÚSICA!"&gt;Descripción&lt;/a&gt;&lt;/th&gt;
&lt;td&gt;&lt;a href="https://www.canva.com/design/DAG6MM8Dr_E/s9txi3B_GDqA2j3hVJInPg/edit?utm_content=DAG6MM8Dr_E&amp;utm_campaign=designshare&amp;utm_medium=link2&amp;utm_source=sharebutton" title="¡QUE SUENE LA MÚSICA!"&gt;LA NARRACIÓN Y LOS TIPOS DE NARRADORES. VOCABULARIO SOBRE MÚSICA. MITOS Y LEYENDAS RELACIONADOS CON EL PODER DE LA MÚSICA. DIMINUTIVOS Y AUMENTATIVOS. LA NARRACIÓN LITERARIA DE MITOS Y LEYENDAS. LA DERIVACIÓN Y COMPOSICIÓN DE PALABRAS CON PREFIJOS Y SUFIJOS. USO DE LA TILDE EN PALABRAS COMPUESTAS Y TERMINADAS EN -MENTE.&lt;/a&gt;&lt;/td&gt;
&lt;/tr&gt;
&lt;tr&gt;
&lt;th&gt;&lt;a href="https://www.canva.com/design/DAG6MM8Dr_E/s9txi3B_GDqA2j3hVJInPg/edit?utm_content=DAG6MM8Dr_E&amp;utm_campaign=designshare&amp;utm_medium=link2&amp;utm_source=sharebutton" title="¡QUE SUENE LA MÚSICA!"&gt;Autoría&lt;/a&gt;&lt;/th&gt;
&lt;td&gt;&lt;a href="https://www.canva.com/design/DAG6MM8Dr_E/s9txi3B_GDqA2j3hVJInPg/edit?utm_content=DAG6MM8Dr_E&amp;utm_campaign=designshare&amp;utm_medium=link2&amp;utm_source=sharebutton" title="¡QUE SUENE LA MÚSICA!"&gt;María de los Ángeles Gómez Amezcua&lt;/a&gt;&lt;/td&gt;
&lt;/tr&gt;
&lt;tr&gt;
&lt;th&gt;&lt;a href="https://www.canva.com/design/DAG6MM8Dr_E/s9txi3B_GDqA2j3hVJInPg/edit?utm_content=DAG6MM8Dr_E&amp;utm_campaign=designshare&amp;utm_medium=link2&amp;utm_source=sharebutton" title="¡QUE SUENE LA MÚSICA!"&gt;Licencia&lt;/a&gt;&lt;/th&gt;
&lt;td&gt;&lt;a href="https://www.canva.com/design/DAG6MM8Dr_E/s9txi3B_GDqA2j3hVJInPg/edit?utm_content=DAG6MM8Dr_E&amp;utm_campaign=designshare&amp;utm_medium=link2&amp;utm_source=sharebutton" title="¡QUE SUENE LA MÚSICA!"&gt;creative commons: attribution - share alike 4.0&lt;/a&gt;&lt;/td&gt;
&lt;/tr&gt;
&lt;/tbody&gt;
&lt;/table&gt;
&lt;p style="text-align: center;"&gt;&lt;a href="https://www.canva.com/design/DAG6MM8Dr_E/s9txi3B_GDqA2j3hVJInPg/edit?utm_content=DAG6MM8Dr_E&amp;utm_campaign=designshare&amp;utm_medium=link2&amp;utm_source=sharebutton" title="¡QUE SUENE LA MÚSICA!"&gt;Este contenido fue creado con eXeLearning, el editor libre y de fuente abierta diseñado para crear recursos educativos.&lt;/a&gt;&lt;/p&gt;&lt;/div&gt;&lt;p class="exe-download-package-link"&gt;&lt;a download="exe-package:elp-name" href="exe-package:elp" style="background-color:#b9bbbc;color:#222020;"&gt;Descargar el archivo .elpx&lt;/a&gt;&lt;/p&gt;</htmlView><jsonProperties/><odeComponentsOrder>1</odeComponentsOrder><odeComponentsProperties><odeComponentsProperty><key>visibility</key><value>true</value></odeComponentsProperty><odeComponentsProperty><key>teacherOnly</key><value>false</value></odeComponentsProperty><odeComponentsProperty><key>identifier</key><value/></odeComponentsProperty><odeComponentsProperty><key>cssClass</key><value/></odeComponentsProperty></odeComponentsProperties></odeComponent></odeComponents></odePagStructure></odePagStructures></odeNavStructure><odeNavStructure><odePageId>20260104114641AMWPNX</odePageId><odeParentPageId>20260104114641VFOGKH</odeParentPageId><pageName>LÍNEA DE TIEMPO</pageName><odeNavStructureOrder>1</odeNavStructureOrder><odeNavStructureProperties><odeNavStructureProperty><key>titleNode</key><value/></odeNavStructureProperty><odeNavStructureProperty><key>hidePageTitle</key><value>false</value></odeNavStructureProperty><odeNavStructureProperty><key>titleHtml</key><value/></odeNavStructureProperty><odeNavStructureProperty><key>editableInPage</key><value>false</value></odeNavStructureProperty><odeNavStructureProperty><key>titlePage</key><value>LÍNEA DE TIEMPO</value></odeNavStructureProperty><odeNavStructureProperty><key>visibility</key><value>true</value></odeNavStructureProperty><odeNavStructureProperty><key>highlight</key><value>false</value></odeNavStructureProperty><odeNavStructureProperty><key>description</key><value/></odeNavStructureProperty></odeNavStructureProperties><odePagStructures><odePagStructure><odePageId>20260104114641AMWPNX</odePageId><odeBlockId>20260104114641XLQRYB</odeBlockId><blockName>LÍNEA DE TIEMPO</blockName><iconName/><odePagStructureOrder>1</odePagStructureOrder><odePagStructureProperties><odePagStructureProperty><key>visibility</key><value>true</value></odePagStructureProperty><odePagStructureProperty><key>teacherOnly</key><value>false</value></odePagStructureProperty><odePagStructureProperty><key>allowToggle</key><value>true</value></odePagStructureProperty><odePagStructureProperty><key>minimized</key><value>false</value></odePagStructureProperty><odePagStructureProperty><key>identifier</key><value/></odePagStructureProperty><odePagStructureProperty><key>cssClass</key><value/></odePagStructureProperty></odePagStructureProperties><odeComponents><odeComponent><odePageId>20260104114641AMWPNX</odePageId><odeBlockId>20260104114641XLQRYB</odeBlockId><odeIdeviceId>202512231430471252IU</odeIdeviceId><odeIdeviceTypeName>text</odeIdeviceTypeName><htmlView>&lt;div class="exe-text-template"&gt;&lt;div class="textIdeviceContent"&gt;
            &lt;div class="exe-text-activity"&gt;
                &lt;div&gt;&lt;p&gt;&lt;img src="{{context_path}}/202512231430471252IU/mceclip0.jpg"&gt;&lt;/p&gt;&lt;p class="clearfix"&gt;&lt;/p&gt;&lt;/div&gt;
            &lt;/div&gt;&lt;/div&gt;&lt;/div&gt;</htmlView><jsonProperties>{"ideviceId":"202512231430471252IU","textInfoDurationInput":"","textInfoDurationTextInput":"Duración","textInfoParticipantsInput":"","textInfoParticipantsTextInput":"Agrupamiento","textTextarea":"&lt;p&gt;&lt;img src=\"{{context_path}}/202512231430471252IU/mceclip0.jpg\" /&gt;&lt;/p&gt;","textFeedbackInput":"Mostrar retroalimentación","textFeedbackTextarea":""}</jsonProperties><odeComponentsOrder>1</odeComponentsOrder><odeComponentsProperties><odeComponentsProperty><key>visibility</key><value>true</value></odeComponentsProperty><odeComponentsProperty><key>teacherOnly</key><value>false</value></odeComponentsProperty><odeComponentsProperty><key>identifier</key><value/></odeComponentsProperty><odeComponentsProperty><key>cssClass</key><value/></odeComponentsProperty></odeComponentsProperties></odeComponent></odeComponents></odePagStructure></odePagStructures></odeNavStructure><odeNavStructure><odePageId>20260104114641KXLIXP</odePageId><odeParentPageId>20260104114641VFOGKH</odeParentPageId><pageName>PADLET</pageName><odeNavStructureOrder>2</odeNavStructureOrder><odeNavStructureProperties><odeNavStructureProperty><key>titleNode</key><value/></odeNavStructureProperty><odeNavStructureProperty><key>hidePageTitle</key><value>false</value></odeNavStructureProperty><odeNavStructureProperty><key>titleHtml</key><value/></odeNavStructureProperty><odeNavStructureProperty><key>editableInPage</key><value>false</value></odeNavStructureProperty><odeNavStructureProperty><key>titlePage</key><value>PADLET</value></odeNavStructureProperty><odeNavStructureProperty><key>visibility</key><value>true</value></odeNavStructureProperty><odeNavStructureProperty><key>highlight</key><value>false</value></odeNavStructureProperty><odeNavStructureProperty><key>description</key><value/></odeNavStructureProperty></odeNavStructureProperties><odePagStructures><odePagStructure><odePageId>20260104114641KXLIXP</odePageId><odeBlockId>20260104114641JABRYL</odeBlockId><blockName>PADLET</blockName><iconName/><odePagStructureOrder>1</odePagStructureOrder><odePagStructureProperties><odePagStructureProperty><key>visibility</key><value>true</value></odePagStructureProperty><odePagStructureProperty><key>teacherOnly</key><value>false</value></odePagStructureProperty><odePagStructureProperty><key>allowToggle</key><value>true</value></odePagStructureProperty><odePagStructureProperty><key>minimized</key><value>false</value></odePagStructureProperty><odePagStructureProperty><key>identifier</key><value/></odePagStructureProperty><odePagStructureProperty><key>cssClass</key><value/></odePagStructureProperty></odePagStructureProperties><odeComponents><odeComponent><odePageId>20260104114641KXLIXP</odePageId><odeBlockId>20260104114641JABRYL</odeBlockId><odeIdeviceId>20251223142359355MJF</odeIdeviceId><odeIdeviceTypeName>text</odeIdeviceTypeName><htmlView>&lt;div class="exe-text-template"&gt;&lt;div class="textIdeviceContent"&gt;
            &lt;div class="exe-text-activity"&gt;
                &lt;div&gt;&lt;p&gt;&lt;a href="https://padlet.com/mariangelesgomezamezcua/que-suene-la-m-sica-gp3ylrbzk6dev5cn" title="PADLET" id="link_2"&gt;https://padlet.com/mariangelesgomezamezcua/que-suene-la-m-sica-gp3ylrbzk6dev5cn&lt;/a&gt;&lt;/p&gt;
&lt;p&gt;&lt;br&gt;&lt;/p&gt;
&lt;p&gt;&lt;br&gt;&lt;/p&gt;
&lt;p&gt;Criterios de evaluación asociados a cada tarea:&lt;/p&gt;
&lt;p&gt;&lt;a href="https://docs.google.com/document/d/1oWrIGrsU6w_aLChc0q0ibpOT2pKgJ6a0sTVmj5DHBCs/edit?tab=t.0#heading=h.d3owelm5qoq0" title="criterios de evaluación por tareas" id="link_0"&gt;https://docs.google.com/document/d/1oWrIGrsU6w_aLChc0q0ibpOT2pKgJ6a0sTVmj5DHBCs/edit?tab=t.0#heading=h.d3owelm5qoq0&lt;/a&gt;&lt;/p&gt;&lt;p class="clearfix"&gt;&lt;/p&gt;&lt;/div&gt;
            &lt;/div&gt;&lt;/div&gt;&lt;/div&gt;</htmlView><jsonProperties>{"ideviceId":"20251223142359355MJF","textInfoDurationInput":"","textInfoDurationTextInput":"Duración","textInfoParticipantsInput":"","textInfoParticipantsTextInput":"Agrupamiento","textTextarea":"&lt;p&gt;&lt;a href=\"https://padlet.com/mariangelesgomezamezcua/que-suene-la-m-sica-gp3ylrbzk6dev5cn\" title=\"PADLET\" id=\"link_2\"&gt;https://padlet.com/mariangelesgomezamezcua/que-suene-la-m-sica-gp3ylrbzk6dev5cn&lt;/a&gt;&lt;/p&gt;\n&lt;p&gt;&lt;br /&gt;&lt;/p&gt;\n&lt;p&gt;&lt;br /&gt;&lt;/p&gt;\n&lt;p&gt;Criterios de evaluación asociados a cada tarea:&lt;/p&gt;\n&lt;p&gt;&lt;a href=\"https://docs.google.com/document/d/1oWrIGrsU6w_aLChc0q0ibpOT2pKgJ6a0sTVmj5DHBCs/edit?tab=t.0#heading=h.d3owelm5qoq0\" title=\"criterios de evaluación por tareas\" id=\"link_0\"&gt;https://docs.google.com/document/d/1oWrIGrsU6w_aLChc0q0ibpOT2pKgJ6a0sTVmj5DHBCs/edit?tab=t.0#heading=h.d3owelm5qoq0&lt;/a&gt;&lt;/p&gt;","textFeedbackInput":"Mostrar retroalimentación","textFeedbackTextarea":""}</jsonProperties><odeComponentsOrder>1</odeComponentsOrder><odeComponentsProperties><odeComponentsProperty><key>visibility</key><value>true</value></odeComponentsProperty><odeComponentsProperty><key>teacherOnly</key><value>true</value></odeComponentsProperty><odeComponentsProperty><key>identifier</key><value/></odeComponentsProperty><odeComponentsProperty><key>cssClass</key><value/></odeComponentsProperty></odeComponentsProperties></odeComponent></odeComponents></odePagStructure></odePagStructures></odeNavStructure><odeNavStructure><odePageId>20260104114641FOVRLL</odePageId><odeParentPageId>20260104114641VFOGKH</odeParentPageId><pageName>LA NARRACIÓN Y LOS TIPOS DE NARRADORES</pageName><odeNavStructureOrder>3</odeNavStructureOrder><odeNavStructureProperties><odeNavStructureProperty><key>titleNode</key><value/></odeNavStructureProperty><odeNavStructureProperty><key>hidePageTitle</key><value>false</value></odeNavStructureProperty><odeNavStructureProperty><key>titleHtml</key><value/></odeNavStructureProperty><odeNavStructureProperty><key>editableInPage</key><value>false</value></odeNavStructureProperty><odeNavStructureProperty><key>titlePage</key><value>LA NARRACIÓN Y LOS TIPOS DE NARRADORES</value></odeNavStructureProperty><odeNavStructureProperty><key>visibility</key><value>true</value></odeNavStructureProperty><odeNavStructureProperty><key>highlight</key><value>false</value></odeNavStructureProperty><odeNavStructureProperty><key>description</key><value/></odeNavStructureProperty></odeNavStructureProperties><odePagStructures><odePagStructure><odePageId>20260104114641FOVRLL</odePageId><odeBlockId>20260104114641OMJYXG</odeBlockId><blockName>LA NARRACIÓN Y LOS TIPOS DE NARRADORES</blockName><iconName/><odePagStructureOrder>1</odePagStructureOrder><odePagStructureProperties><odePagStructureProperty><key>visibility</key><value>true</value></odePagStructureProperty><odePagStructureProperty><key>teacherOnly</key><value>false</value></odePagStructureProperty><odePagStructureProperty><key>allowToggle</key><value>true</value></odePagStructureProperty><odePagStructureProperty><key>minimized</key><value>false</value></odePagStructureProperty><odePagStructureProperty><key>identifier</key><value/></odePagStructureProperty><odePagStructureProperty><key>cssClass</key><value/></odePagStructureProperty></odePagStructureProperties><odeComponents><odeComponent><odePageId>20260104114641FOVRLL</odePageId><odeBlockId>20260104114641OMJYXG</odeBlockId><odeIdeviceId>202512231437053432XL</odeIdeviceId><odeIdeviceTypeName>text</odeIdeviceTypeName><htmlView>&lt;div class="exe-text-template"&gt;&lt;div class="textIdeviceContent"&gt;
            &lt;div class="exe-text-activity"&gt;
                &lt;div&gt;&lt;p&gt;Realizamos una lluvia de ideas sobre el título de la unidad. Breve resumen de lo que vamos a aprender a lo largo de la unidad.&lt;/p&gt;
&lt;p&gt;Escuchamos una narración y vemos qué es y los tipos de narrador. Visionado del vídeo&lt;/p&gt;
&lt;p&gt;GRUPO CLASE&lt;/p&gt;
&lt;p&gt;Actividades : 1, 2, 4, 6 y 7 página 42.&lt;/p&gt;
&lt;p&gt;&lt;a href="https://youtu.be/xkjAAHmMk_w" title="que es un narrador" id="link_6"&gt;https://youtu.be/xkjAAHmMk_w&lt;/a&gt;&lt;/p&gt;&lt;p class="clearfix"&gt;&lt;/p&gt;&lt;/div&gt;
            &lt;/div&gt;&lt;/div&gt;&lt;/div&gt;</htmlView><jsonProperties>{"ideviceId":"202512231437053432XL","textInfoDurationInput":"","textInfoDurationTextInput":"Duración","textInfoParticipantsInput":"","textInfoParticipantsTextInput":"Agrupamiento","textTextarea":"&lt;p&gt;Realizamos una lluvia de ideas sobre el título de la unidad. Breve resumen de lo que vamos a aprender a lo largo de la unidad.&lt;/p&gt;\n&lt;p&gt;Escuchamos una narración y vemos qué es y los tipos de narrador. Visionado del vídeo&lt;/p&gt;\n&lt;p&gt;GRUPO CLASE&lt;/p&gt;\n&lt;p&gt;Actividades : 1, 2, 4, 6 y 7 página 42.&lt;/p&gt;\n&lt;p&gt;&lt;a href=\"https://youtu.be/xkjAAHmMk_w\" title=\"que es un narrador\" id=\"link_6\"&gt;https://youtu.be/xkjAAHmMk_w&lt;/a&gt;&lt;/p&gt;","textFeedbackInput":"Mostrar retroalimentación","textFeedbackTextarea":""}</jsonProperties><odeComponentsOrder>1</odeComponentsOrder><odeComponentsProperties><odeComponentsProperty><key>visibility</key><value>true</value></odeComponentsProperty><odeComponentsProperty><key>teacherOnly</key><value>false</value></odeComponentsProperty><odeComponentsProperty><key>identifier</key><value/></odeComponentsProperty><odeComponentsProperty><key>cssClass</key><value/></odeComponentsProperty></odeComponentsProperties></odeComponent></odeComponents></odePagStructure></odePagStructures></odeNavStructure><odeNavStructure><odePageId>20260104114641JWTMVW</odePageId><odeParentPageId>20260104114641VFOGKH</odeParentPageId><pageName>VOCABULARIO SOBRE MÚSICA</pageName><odeNavStructureOrder>4</odeNavStructureOrder><odeNavStructureProperties><odeNavStructureProperty><key>titleNode</key><value/></odeNavStructureProperty><odeNavStructureProperty><key>hidePageTitle</key><value>false</value></odeNavStructureProperty><odeNavStructureProperty><key>titleHtml</key><value/></odeNavStructureProperty><odeNavStructureProperty><key>editableInPage</key><value>false</value></odeNavStructureProperty><odeNavStructureProperty><key>titlePage</key><value>VOCABULARIO SOBRE MÚSICA</value></odeNavStructureProperty><odeNavStructureProperty><key>visibility</key><value>true</value></odeNavStructureProperty><odeNavStructureProperty><key>highlight</key><value>false</value></odeNavStructureProperty><odeNavStructureProperty><key>description</key><value/></odeNavStructureProperty></odeNavStructureProperties><odePagStructures><odePagStructure><odePageId>20260104114641JWTMVW</odePageId><odeBlockId>20260104114641MTKQJN</odeBlockId><blockName>VOCABULARIO SOBRE MÚSICA</blockName><iconName/><odePagStructureOrder>1</odePagStructureOrder><odePagStructureProperties><odePagStructureProperty><key>visibility</key><value>true</value></odePagStructureProperty><odePagStructureProperty><key>teacherOnly</key><value>false</value></odePagStructureProperty><odePagStructureProperty><key>allowToggle</key><value>true</value></odePagStructureProperty><odePagStructureProperty><key>minimized</key><value>false</value></odePagStructureProperty><odePagStructureProperty><key>identifier</key><value/></odePagStructureProperty><odePagStructureProperty><key>cssClass</key><value/></odePagStructureProperty></odePagStructureProperties><odeComponents><odeComponent><odePageId>20260104114641JWTMVW</odePageId><odeBlockId>20260104114641MTKQJN</odeBlockId><odeIdeviceId>20251223143929389J3W</odeIdeviceId><odeIdeviceTypeName>text</odeIdeviceTypeName><htmlView>&lt;div class="exe-text-template"&gt;&lt;div class="textIdeviceContent"&gt;
            &lt;div class="exe-text-activity"&gt;
                &lt;div&gt;&lt;p&gt;Leemos un texto mitológico en la página 43 y 44&lt;/p&gt;
&lt;p&gt;Actividades: respondemos las preguntas de comprensión 1- 4, 6 - 10 página 45.&lt;/p&gt;
&lt;p&gt;Investigación sobre la obra Apolo y Dafne de Bernini establecido en la sección mito y arte de la página.&lt;/p&gt;
&lt;p&gt;GRUPOS COOPERATIVOS&lt;/p&gt;&lt;p class="clearfix"&gt;&lt;/p&gt;&lt;/div&gt;
            &lt;/div&gt;&lt;/div&gt;&lt;/div&gt;</htmlView><jsonProperties>{"ideviceId":"20251223143929389J3W","textInfoDurationInput":"","textInfoDurationTextInput":"Duración","textInfoParticipantsInput":"","textInfoParticipantsTextInput":"Agrupamiento","textTextarea":"&lt;p&gt;Leemos un texto mitológico en la página 43 y 44&lt;/p&gt;\n&lt;p&gt;Actividades: respondemos las preguntas de comprensión 1- 4, 6 - 10 página 45.&lt;/p&gt;\n&lt;p&gt;Investigación sobre la obra Apolo y Dafne de Bernini establecido en la sección mito y arte de la página.&lt;/p&gt;\n&lt;p&gt;GRUPOS COOPERATIVOS&lt;/p&gt;","textFeedbackInput":"Mostrar retroalimentación","textFeedbackTextarea":""}</jsonProperties><odeComponentsOrder>1</odeComponentsOrder><odeComponentsProperties><odeComponentsProperty><key>visibility</key><value>true</value></odeComponentsProperty><odeComponentsProperty><key>teacherOnly</key><value>false</value></odeComponentsProperty><odeComponentsProperty><key>identifier</key><value/></odeComponentsProperty><odeComponentsProperty><key>cssClass</key><value/></odeComponentsProperty></odeComponentsProperties></odeComponent></odeComponents></odePagStructure></odePagStructures></odeNavStructure><odeNavStructure><odePageId>20260104114641GBACPC</odePageId><odeParentPageId>20260104114641VFOGKH</odeParentPageId><pageName>AUMENTATIVOS Y DIMINUTIVOS</pageName><odeNavStructureOrder>5</odeNavStructureOrder><odeNavStructureProperties><odeNavStructureProperty><key>titleNode</key><value/></odeNavStructureProperty><odeNavStructureProperty><key>hidePageTitle</key><value>false</value></odeNavStructureProperty><odeNavStructureProperty><key>titleHtml</key><value/></odeNavStructureProperty><odeNavStructureProperty><key>editableInPage</key><value>false</value></odeNavStructureProperty><odeNavStructureProperty><key>titlePage</key><value>AUMENTATIVOS Y DIMINUTIVOS</value></odeNavStructureProperty><odeNavStructureProperty><key>visibility</key><value>true</value></odeNavStructureProperty><odeNavStructureProperty><key>highlight</key><value>false</value></odeNavStructureProperty><odeNavStructureProperty><key>description</key><value/></odeNavStructureProperty></odeNavStructureProperties><odePagStructures><odePagStructure><odePageId>20260104114641GBACPC</odePageId><odeBlockId>20260104114641VCAEZU</odeBlockId><blockName>AUMENTATIVOS Y DIMINUTIVOS</blockName><iconName/><odePagStructureOrder>1</odePagStructureOrder><odePagStructureProperties><odePagStructureProperty><key>visibility</key><value>true</value></odePagStructureProperty><odePagStructureProperty><key>teacherOnly</key><value>false</value></odePagStructureProperty><odePagStructureProperty><key>allowToggle</key><value>true</value></odePagStructureProperty><odePagStructureProperty><key>minimized</key><value>false</value></odePagStructureProperty><odePagStructureProperty><key>identifier</key><value/></odePagStructureProperty><odePagStructureProperty><key>cssClass</key><value/></odePagStructureProperty></odePagStructureProperties><odeComponents><odeComponent><odePageId>20260104114641GBACPC</odePageId><odeBlockId>20260104114641VCAEZU</odeBlockId><odeIdeviceId>2025122314401077263Y</odeIdeviceId><odeIdeviceTypeName>text</odeIdeviceTypeName><htmlView>&lt;div class="exe-text-template"&gt;&lt;div class="textIdeviceContent"&gt;
            &lt;div class="exe-text-activity"&gt;
                &lt;div&gt;&lt;p&gt;Conocemos los aumentativos y diminutivos.&lt;/p&gt;
&lt;p&gt;&lt;a href="https://youtu.be/VugNNF1Kw58"&gt;https://youtu.be/VugNNF1Kw58&lt;/a&gt;&amp;nbsp;&lt;/p&gt;
&lt;p&gt;Actividades : 1, 2, 3, 5, 6, 7, 8 y 9 en la página 46.&lt;/p&gt;
&lt;p&gt;INDIVIDUAL&lt;/p&gt;
&lt;p&gt;&lt;br&gt;&lt;/p&gt;&lt;p class="clearfix"&gt;&lt;/p&gt;&lt;/div&gt;
            &lt;/div&gt;&lt;/div&gt;&lt;/div&gt;</htmlView><jsonProperties>{"ideviceId":"2025122314401077263Y","textInfoDurationInput":"","textInfoDurationTextInput":"Duración","textInfoParticipantsInput":"","textInfoParticipantsTextInput":"Agrupamiento","textTextarea":"&lt;p&gt;Conocemos los aumentativos y diminutivos.&lt;/p&gt;\n&lt;p&gt;&lt;a href=\"https://youtu.be/VugNNF1Kw58\"&gt;https://youtu.be/VugNNF1Kw58&lt;/a&gt; &lt;/p&gt;\n&lt;p&gt;Actividades : 1, 2, 3, 5, 6, 7, 8 y 9 en la página 46.&lt;/p&gt;\n&lt;p&gt;INDIVIDUAL&lt;/p&gt;\n&lt;p&gt;&lt;br /&gt;&lt;/p&gt;","textFeedbackInput":"Mostrar retroalimentación","textFeedbackTextarea":""}</jsonProperties><odeComponentsOrder>1</odeComponentsOrder><odeComponentsProperties><odeComponentsProperty><key>visibility</key><value>true</value></odeComponentsProperty><odeComponentsProperty><key>teacherOnly</key><value>false</value></odeComponentsProperty><odeComponentsProperty><key>identifier</key><value/></odeComponentsProperty><odeComponentsProperty><key>cssClass</key><value/></odeComponentsProperty></odeComponentsProperties></odeComponent></odeComponents></odePagStructure></odePagStructures></odeNavStructure><odeNavStructure><odePageId>20260104114641OPZXNK</odePageId><odeParentPageId>20260104114641VFOGKH</odeParentPageId><pageName>MITOS Y LEYENDAS</pageName><odeNavStructureOrder>6</odeNavStructureOrder><odeNavStructureProperties><odeNavStructureProperty><key>titleNode</key><value/></odeNavStructureProperty><odeNavStructureProperty><key>hidePageTitle</key><value>false</value></odeNavStructureProperty><odeNavStructureProperty><key>titleHtml</key><value/></odeNavStructureProperty><odeNavStructureProperty><key>editableInPage</key><value>false</value></odeNavStructureProperty><odeNavStructureProperty><key>titlePage</key><value>MITOS Y LEYENDAS</value></odeNavStructureProperty><odeNavStructureProperty><key>visibility</key><value>true</value></odeNavStructureProperty><odeNavStructureProperty><key>highlight</key><value>false</value></odeNavStructureProperty><odeNavStructureProperty><key>description</key><value/></odeNavStructureProperty></odeNavStructureProperties><odePagStructures><odePagStructure><odePageId>20260104114641OPZXNK</odePageId><odeBlockId>20260104114641WFGHEX</odeBlockId><blockName>MITOS Y LEYENDAS</blockName><iconName/><odePagStructureOrder>1</odePagStructureOrder><odePagStructureProperties><odePagStructureProperty><key>visibility</key><value>true</value></odePagStructureProperty><odePagStructureProperty><key>teacherOnly</key><value>false</value></odePagStructureProperty><odePagStructureProperty><key>allowToggle</key><value>true</value></odePagStructureProperty><odePagStructureProperty><key>minimized</key><value>false</value></odePagStructureProperty><odePagStructureProperty><key>identifier</key><value/></odePagStructureProperty><odePagStructureProperty><key>cssClass</key><value/></odePagStructureProperty></odePagStructureProperties><odeComponents><odeComponent><odePageId>20260104114641OPZXNK</odePageId><odeBlockId>20260104114641WFGHEX</odeBlockId><odeIdeviceId>20251223144144933NM9</odeIdeviceId><odeIdeviceTypeName>text</odeIdeviceTypeName><htmlView>&lt;div class="exe-text-template"&gt;&lt;div class="textIdeviceContent"&gt;
            &lt;div class="exe-text-activity"&gt;
                &lt;div&gt;&lt;p&gt;Leemos textos mitológicos y leyendas de la página 47 de forma dramatizada.&lt;/p&gt;
&lt;p&gt;GRUPO CLASE&lt;/p&gt;
&lt;p&gt;Actividades : 1 y 3.&lt;/p&gt;&lt;p class="clearfix"&gt;&lt;/p&gt;&lt;/div&gt;
            &lt;/div&gt;&lt;/div&gt;&lt;/div&gt;</htmlView><jsonProperties>{"ideviceId":"20251223144144933NM9","textInfoDurationInput":"","textInfoDurationTextInput":"Duración","textInfoParticipantsInput":"","textInfoParticipantsTextInput":"Agrupamiento","textTextarea":"&lt;p&gt;Leemos textos mitológicos y leyendas de la página 47 de forma dramatizada.&lt;/p&gt;\n&lt;p&gt;GRUPO CLASE&lt;/p&gt;\n&lt;p&gt;Actividades : 1 y 3.&lt;/p&gt;","textFeedbackInput":"Mostrar retroalimentación","textFeedbackTextarea":""}</jsonProperties><odeComponentsOrder>1</odeComponentsOrder><odeComponentsProperties><odeComponentsProperty><key>visibility</key><value>true</value></odeComponentsProperty><odeComponentsProperty><key>teacherOnly</key><value>false</value></odeComponentsProperty><odeComponentsProperty><key>identifier</key><value/></odeComponentsProperty><odeComponentsProperty><key>cssClass</key><value/></odeComponentsProperty></odeComponentsProperties></odeComponent></odeComponents></odePagStructure></odePagStructures></odeNavStructure><odeNavStructure><odePageId>20260104114641XOJSUL</odePageId><odeParentPageId>20260104114641VFOGKH</odeParentPageId><pageName>NARRACIÓN LITERARIA</pageName><odeNavStructureOrder>7</odeNavStructureOrder><odeNavStructureProperties><odeNavStructureProperty><key>titleNode</key><value/></odeNavStructureProperty><odeNavStructureProperty><key>hidePageTitle</key><value>false</value></odeNavStructureProperty><odeNavStructureProperty><key>titleHtml</key><value/></odeNavStructureProperty><odeNavStructureProperty><key>editableInPage</key><value>false</value></odeNavStructureProperty><odeNavStructureProperty><key>titlePage</key><value>NARRACIÓN LITERARIA</value></odeNavStructureProperty><odeNavStructureProperty><key>visibility</key><value>true</value></odeNavStructureProperty><odeNavStructureProperty><key>highlight</key><value>false</value></odeNavStructureProperty><odeNavStructureProperty><key>description</key><value/></odeNavStructureProperty></odeNavStructureProperties><odePagStructures><odePagStructure><odePageId>20260104114641XOJSUL</odePageId><odeBlockId>20260104114641NTXWMP</odeBlockId><blockName>NARRACIÓN LITERARIA</blockName><iconName/><odePagStructureOrder>1</odePagStructureOrder><odePagStructureProperties><odePagStructureProperty><key>visibility</key><value>true</value></odePagStructureProperty><odePagStructureProperty><key>teacherOnly</key><value>false</value></odePagStructureProperty><odePagStructureProperty><key>allowToggle</key><value>true</value></odePagStructureProperty><odePagStructureProperty><key>minimized</key><value>false</value></odePagStructureProperty><odePagStructureProperty><key>identifier</key><value/></odePagStructureProperty><odePagStructureProperty><key>cssClass</key><value/></odePagStructureProperty></odePagStructureProperties><odeComponents><odeComponent><odePageId>20260104114641XOJSUL</odePageId><odeBlockId>20260104114641NTXWMP</odeBlockId><odeIdeviceId>20251223144450483Z70</odeIdeviceId><odeIdeviceTypeName>text</odeIdeviceTypeName><htmlView>&lt;div class="exe-text-template"&gt;&lt;div class="textIdeviceContent"&gt;
            &lt;div class="exe-text-activity"&gt;
                &lt;div&gt;&lt;p&gt;Aprendemos a hacer una narración literaria, para ello, leemos los textos de las páginas 48 y 49 y hacemos las actividades.&lt;/p&gt;
&lt;p&gt;Actividades: 1, 2, 3 y 4. Cambiamos de escenario, inventar un final para alguno de los dos textos.&lt;/p&gt;
&lt;p&gt;Creamos textos mitológicos a través de tira el dado en GRUPOS COOPERATIVOS.&lt;/p&gt;
&lt;p&gt;&lt;img src="{{context_path}}/20251223144450483Z70/1.jpg" width="1008" height="567" alt="" id="link_1"&gt;&lt;img src="{{context_path}}/20251223144450483Z70/2.jpg" width="1008" height="567" alt=""&gt;&lt;a href="{{context_path}}/20251223144450483Z70/Evaluacion.docx" title="Evaluacion.docx" size="8.12 KB"&gt;{{context_path}}/20251223144450483Z70/Evaluacion.docx&lt;/a&gt;&amp;nbsp;&lt;/p&gt;
&lt;p&gt;&lt;a href="{{context_path}}/20251223144450483Z70/Rubrica_1.pdf" title="Rubrica_1.pdf" size="52.16 KB" id="link_2"&gt;{{context_path}}/20251223144450483Z70/Rubrica_1.pdf&lt;/a&gt;&lt;/p&gt;&lt;p class="clearfix"&gt;&lt;/p&gt;&lt;/div&gt;
            &lt;/div&gt;&lt;/div&gt;&lt;/div&gt;</htmlView><jsonProperties>{"ideviceId":"20251223144450483Z70","textInfoDurationInput":"","textInfoDurationTextInput":"Duración","textInfoParticipantsInput":"","textInfoParticipantsTextInput":"Agrupamiento","textTextarea":"&lt;p&gt;Aprendemos a hacer una narración literaria, para ello, leemos los textos de las páginas 48 y 49 y hacemos las actividades.&lt;/p&gt;\n&lt;p&gt;Actividades: 1, 2, 3 y 4. Cambiamos de escenario, inventar un final para alguno de los dos textos.&lt;/p&gt;\n&lt;p&gt;Creamos textos mitológicos a través de tira el dado en GRUPOS COOPERATIVOS.&lt;/p&gt;\n&lt;p&gt;&lt;img src=\"{{context_path}}/20251223144450483Z70/1.jpg\" width=\"1008\" height=\"567\" alt=\"\" id=\"link_1\" /&gt;&lt;img src=\"{{context_path}}/20251223144450483Z70/2.jpg\" width=\"1008\" height=\"567\" alt=\"\" /&gt;&lt;a href=\"{{context_path}}/20251223144450483Z70/Evaluacion.docx\" title=\"Evaluacion.docx\" size=\"8.12 KB\"&gt;{{context_path}}/20251223144450483Z70/Evaluacion.docx&lt;/a&gt; &lt;/p&gt;\n&lt;p&gt;&lt;a href=\"{{context_path}}/20251223144450483Z70/Rubrica_1.pdf\" title=\"Rubrica_1.pdf\" size=\"52.16 KB\" id=\"link_2\"&gt;{{context_path}}/20251223144450483Z70/Rubrica_1.pdf&lt;/a&gt;&lt;/p&gt;","textFeedbackInput":"Mostrar retroalimentación","textFeedbackTextarea":""}</jsonProperties><odeComponentsOrder>1</odeComponentsOrder><odeComponentsProperties><odeComponentsProperty><key>visibility</key><value>true</value></odeComponentsProperty><odeComponentsProperty><key>teacherOnly</key><value>false</value></odeComponentsProperty><odeComponentsProperty><key>identifier</key><value/></odeComponentsProperty><odeComponentsProperty><key>cssClass</key><value/></odeComponentsProperty></odeComponentsProperties></odeComponent></odeComponents></odePagStructure></odePagStructures></odeNavStructure><odeNavStructure><odePageId>20260104114641NPHNWG</odePageId><odeParentPageId>20260104114641VFOGKH</odeParentPageId><pageName>PREFIJOS Y SUFIJOS</pageName><odeNavStructureOrder>8</odeNavStructureOrder><odeNavStructureProperties><odeNavStructureProperty><key>titleNode</key><value/></odeNavStructureProperty><odeNavStructureProperty><key>hidePageTitle</key><value>false</value></odeNavStructureProperty><odeNavStructureProperty><key>titleHtml</key><value/></odeNavStructureProperty><odeNavStructureProperty><key>editableInPage</key><value>false</value></odeNavStructureProperty><odeNavStructureProperty><key>titlePage</key><value>PREFIJOS Y SUFIJOS</value></odeNavStructureProperty><odeNavStructureProperty><key>visibility</key><value>true</value></odeNavStructureProperty><odeNavStructureProperty><key>highlight</key><value>false</value></odeNavStructureProperty><odeNavStructureProperty><key>description</key><value/></odeNavStructureProperty></odeNavStructureProperties><odePagStructures><odePagStructure><odePageId>20260104114641NPHNWG</odePageId><odeBlockId>20260104114641AJKNEP</odeBlockId><blockName>PREFIJOS Y SUFIJOS</blockName><iconName/><odePagStructureOrder>1</odePagStructureOrder><odePagStructureProperties><odePagStructureProperty><key>visibility</key><value>true</value></odePagStructureProperty><odePagStructureProperty><key>teacherOnly</key><value>false</value></odePagStructureProperty><odePagStructureProperty><key>allowToggle</key><value>true</value></odePagStructureProperty><odePagStructureProperty><key>minimized</key><value>false</value></odePagStructureProperty><odePagStructureProperty><key>identifier</key><value/></odePagStructureProperty><odePagStructureProperty><key>cssClass</key><value/></odePagStructureProperty></odePagStructureProperties><odeComponents><odeComponent><odePageId>20260104114641NPHNWG</odePageId><odeBlockId>20260104114641AJKNEP</odeBlockId><odeIdeviceId>20251223144813261JDU</odeIdeviceId><odeIdeviceTypeName>text</odeIdeviceTypeName><htmlView>&lt;div class="exe-text-template"&gt;&lt;div class="textIdeviceContent"&gt;
            &lt;div class="exe-text-activity"&gt;
                &lt;div&gt;&lt;p&gt;Aprendemos a crear palabras mediante derivación y composición usando prefijos y sufijos. Páginas 50 - 51.&lt;/p&gt;
&lt;p&gt;&lt;a href="https://youtu.be/CFOB_zJ1_DQ" title="prefijos y sufijos"&gt;https://youtu.be/CFOB_zJ1_DQ&lt;/a&gt;&lt;/p&gt;
&lt;p&gt;Actividades : 2, 3, 4, 5, 6, 7, 8 y 9.&lt;/p&gt;
&lt;p&gt;&lt;a href="https://drive.google.com/file/d/1GTgUJJjblLVyh2z1Q9HzslZ_zOE9v0qd/view?usp=sharing" title="prefijos y sufijos" id="link_10"&gt;https://drive.google.com/file/d/1GTgUJJjblLVyh2z1Q9HzslZ_zOE9v0qd/view?usp=sharing INDIVIDUAL&lt;/a&gt;&lt;/p&gt;&lt;p class="clearfix"&gt;&lt;/p&gt;&lt;/div&gt;
            &lt;/div&gt;&lt;/div&gt;&lt;/div&gt;</htmlView><jsonProperties>{"ideviceId":"20251223144813261JDU","textInfoDurationInput":"","textInfoDurationTextInput":"Duración","textInfoParticipantsInput":"","textInfoParticipantsTextInput":"Agrupamiento","textTextarea":"&lt;p&gt;Aprendemos a crear palabras mediante derivación y composición usando prefijos y sufijos. Páginas 50 - 51.&lt;/p&gt;\n&lt;p&gt;&lt;a href=\"https://youtu.be/CFOB_zJ1_DQ\" title=\"prefijos y sufijos\"&gt;https://youtu.be/CFOB_zJ1_DQ&lt;/a&gt;&lt;/p&gt;\n&lt;p&gt;Actividades : 2, 3, 4, 5, 6, 7, 8 y 9.&lt;/p&gt;\n&lt;p&gt;&lt;a href=\"https://drive.google.com/file/d/1GTgUJJjblLVyh2z1Q9HzslZ_zOE9v0qd/view?usp=sharing\" title=\"prefijos y sufijos\" id=\"link_10\"&gt;https://drive.google.com/file/d/1GTgUJJjblLVyh2z1Q9HzslZ_zOE9v0qd/view?usp=sharing INDIVIDUAL&lt;/a&gt;&lt;/p&gt;","textFeedbackInput":"Mostrar retroalimentación","textFeedbackTextarea":""}</jsonProperties><odeComponentsOrder>1</odeComponentsOrder><odeComponentsProperties><odeComponentsProperty><key>visibility</key><value>true</value></odeComponentsProperty><odeComponentsProperty><key>teacherOnly</key><value>false</value></odeComponentsProperty><odeComponentsProperty><key>identifier</key><value/></odeComponentsProperty><odeComponentsProperty><key>cssClass</key><value/></odeComponentsProperty></odeComponentsProperties></odeComponent></odeComponents></odePagStructure></odePagStructures></odeNavStructure><odeNavStructure><odePageId>20260104114641SFIPHD</odePageId><odeParentPageId>20260104114641VFOGKH</odeParentPageId><pageName>PALABRAS COMPUESTAS</pageName><odeNavStructureOrder>9</odeNavStructureOrder><odeNavStructureProperties><odeNavStructureProperty><key>titleNode</key><value/></odeNavStructureProperty><odeNavStructureProperty><key>hidePageTitle</key><value>false</value></odeNavStructureProperty><odeNavStructureProperty><key>titleHtml</key><value/></odeNavStructureProperty><odeNavStructureProperty><key>editableInPage</key><value>false</value></odeNavStructureProperty><odeNavStructureProperty><key>titlePage</key><value>PALABRAS COMPUESTAS</value></odeNavStructureProperty><odeNavStructureProperty><key>visibility</key><value>true</value></odeNavStructureProperty><odeNavStructureProperty><key>highlight</key><value>false</value></odeNavStructureProperty><odeNavStructureProperty><key>description</key><value/></odeNavStructureProperty></odeNavStructureProperties><odePagStructures><odePagStructure><odePageId>20260104114641SFIPHD</odePageId><odeBlockId>20260104114641GBZOYI</odeBlockId><blockName>PALABRAS COMPUESTAS</blockName><iconName/><odePagStructureOrder>1</odePagStructureOrder><odePagStructureProperties><odePagStructureProperty><key>visibility</key><value>true</value></odePagStructureProperty><odePagStructureProperty><key>teacherOnly</key><value>false</value></odePagStructureProperty><odePagStructureProperty><key>allowToggle</key><value>true</value></odePagStructureProperty><odePagStructureProperty><key>minimized</key><value>false</value></odePagStructureProperty><odePagStructureProperty><key>identifier</key><value/></odePagStructureProperty><odePagStructureProperty><key>cssClass</key><value/></odePagStructureProperty></odePagStructureProperties><odeComponents><odeComponent><odePageId>20260104114641SFIPHD</odePageId><odeBlockId>20260104114641GBZOYI</odeBlockId><odeIdeviceId>20251223145200387IR1</odeIdeviceId><odeIdeviceTypeName>text</odeIdeviceTypeName><htmlView>&lt;div class="exe-text-template"&gt;&lt;div class="textIdeviceContent"&gt;
            &lt;div class="exe-text-activity"&gt;
                &lt;div&gt;&lt;p&gt;Conocemos palabras compuestas y acabadas en -mente y cuando llevan tílde y cuando no.&lt;/p&gt;
&lt;p&gt;&lt;a href="https://youtu.be/jbKmFTNp5Ww" title="palabras compuestas" id="link_11"&gt;https://youtu.be/jbKmFTNp5Ww&lt;/a&gt;&lt;/p&gt;
&lt;p&gt;INDIVIDUAL&lt;/p&gt;&lt;p class="clearfix"&gt;&lt;/p&gt;&lt;/div&gt;
            &lt;/div&gt;&lt;/div&gt;&lt;/div&gt;</htmlView><jsonProperties>{"ideviceId":"20251223145200387IR1","textInfoDurationInput":"","textInfoDurationTextInput":"Duración","textInfoParticipantsInput":"","textInfoParticipantsTextInput":"Agrupamiento","textTextarea":"&lt;p&gt;Conocemos palabras compuestas y acabadas en -mente y cuando llevan tílde y cuando no.&lt;/p&gt;\n&lt;p&gt;&lt;a href=\"https://youtu.be/jbKmFTNp5Ww\" title=\"palabras compuestas\" id=\"link_11\"&gt;https://youtu.be/jbKmFTNp5Ww&lt;/a&gt;&lt;/p&gt;\n&lt;p&gt;INDIVIDUAL&lt;/p&gt;","textFeedbackInput":"Mostrar retroalimentación","textFeedbackTextarea":""}</jsonProperties><odeComponentsOrder>1</odeComponentsOrder><odeComponentsProperties><odeComponentsProperty><key>visibility</key><value>true</value></odeComponentsProperty><odeComponentsProperty><key>teacherOnly</key><value>false</value></odeComponentsProperty><odeComponentsProperty><key>identifier</key><value/></odeComponentsProperty><odeComponentsProperty><key>cssClass</key><value/></odeComponentsProperty></odeComponentsProperties></odeComponent></odeComponents></odePagStructure></odePagStructures></odeNavStructure><odeNavStructure><odePageId>20260104114641RBQGCT</odePageId><odeParentPageId>20260104114641VFOGKH</odeParentPageId><pageName>DÍMELO CANTANDO, CUÉNTAMELO RIMANDO</pageName><odeNavStructureOrder>10</odeNavStructureOrder><odeNavStructureProperties><odeNavStructureProperty><key>titleNode</key><value/></odeNavStructureProperty><odeNavStructureProperty><key>hidePageTitle</key><value>false</value></odeNavStructureProperty><odeNavStructureProperty><key>titleHtml</key><value/></odeNavStructureProperty><odeNavStructureProperty><key>editableInPage</key><value>false</value></odeNavStructureProperty><odeNavStructureProperty><key>titlePage</key><value>DÍMELO CANTANDO, CUÉNTAMELO RIMANDO</value></odeNavStructureProperty><odeNavStructureProperty><key>visibility</key><value>true</value></odeNavStructureProperty><odeNavStructureProperty><key>highlight</key><value>false</value></odeNavStructureProperty><odeNavStructureProperty><key>description</key><value/></odeNavStructureProperty></odeNavStructureProperties><odePagStructures><odePagStructure><odePageId>20260104114641RBQGCT</odePageId><odeBlockId>20260104114641FREHIT</odeBlockId><blockName>DÍMELO CANTANDO, CUÉNTAMELO RIMANDO</blockName><iconName/><odePagStructureOrder>1</odePagStructureOrder><odePagStructureProperties><odePagStructureProperty><key>visibility</key><value>true</value></odePagStructureProperty><odePagStructureProperty><key>teacherOnly</key><value>false</value></odePagStructureProperty><odePagStructureProperty><key>allowToggle</key><value>true</value></odePagStructureProperty><odePagStructureProperty><key>minimized</key><value>false</value></odePagStructureProperty><odePagStructureProperty><key>identifier</key><value/></odePagStructureProperty><odePagStructureProperty><key>cssClass</key><value/></odePagStructureProperty></odePagStructureProperties><odeComponents><odeComponent><odePageId>20260104114641RBQGCT</odePageId><odeBlockId>20260104114641FREHIT</odeBlockId><odeIdeviceId>20251223141403600TMW</odeIdeviceId><odeIdeviceTypeName>text</odeIdeviceTypeName><htmlView>&lt;div class="exe-text-template"&gt;&lt;div class="textIdeviceContent"&gt;
            &lt;div class="exe-text-activity"&gt;
                &lt;div&gt;&lt;p&gt;&lt;a href="https://edea.juntadeandalucia.es/bancorecursos/file/288a2ab2-25f3-4afb-9675-42413601d7f2.1b42fc5a-ded6-472a-87ce-7d7dc99c1a60/1/HTML_REA_06-v01.zip/HTML_REA_06-v01/index.html" title="DÍMLEO CANTANDO, CUÉNTAMELO RIMANDO" id="link_0"&gt;https://edea.juntadeandalucia.es/bancorecursos/file/288a2ab2-25f3-4afb-9675-42413601d7f2.1b42fc5a-ded6-472a-87ce-7d7dc99c1a60/1/HTML_REA_06-v01.zip/HTML_REA_06-v01/index.html&lt;/a&gt;&lt;/p&gt;
&lt;p&gt;Musicalizar un texto, se debe escribir textos poéticos y se deben musicalizar, de este modo el alumnado al poner en práctica el proyecto hacen muestra del título de la unidad "Que suene la música"&lt;/p&gt;
&lt;p&gt;El producto final es la creación de un videoclip de los poemas propios partiendo de la rima, siguiendo el orden establecido en la infografía adjunta.&lt;/p&gt;
&lt;p&gt;&lt;img src="{{context_path}}/20251223141403600TMW/Infografia_Cronologica_Linea_deInfografia_Proteccion_de_Datos_Personales_y_Derechos_Digitales.pdf" alt="INFOGRAFÍA"&gt;&lt;/p&gt;
&lt;p&gt;&lt;a href="{{context_path}}/20251223141403600TMW/Escala_de_observacion.pdf" title="Escala_de_observacion.pdf" size="35.78 KB" id="link_3"&gt;{{context_path}}/20251223141403600TMW/Escala_de_observacion.pdf&lt;/a&gt;&lt;/p&gt;&lt;p class="clearfix"&gt;&lt;/p&gt;&lt;/div&gt;
            &lt;/div&gt;&lt;/div&gt;&lt;/div&gt;</htmlView><jsonProperties>{"ideviceId":"20251223141403600TMW","textInfoDurationInput":"","textInfoDurationTextInput":"Duración","textInfoParticipantsInput":"","textInfoParticipantsTextInput":"Agrupamiento","textTextarea":"&lt;p&gt;&lt;a href=\"https://edea.juntadeandalucia.es/bancorecursos/file/288a2ab2-25f3-4afb-9675-42413601d7f2.1b42fc5a-ded6-472a-87ce-7d7dc99c1a60/1/HTML_REA_06-v01.zip/HTML_REA_06-v01/index.html\" title=\"DÍMLEO CANTANDO, CUÉNTAMELO RIMANDO\" id=\"link_0\"&gt;https://edea.juntadeandalucia.es/bancorecursos/file/288a2ab2-25f3-4afb-9675-42413601d7f2.1b42fc5a-ded6-472a-87ce-7d7dc99c1a60/1/HTML_REA_06-v01.zip/HTML_REA_06-v01/index.html&lt;/a&gt;&lt;/p&gt;\n&lt;p&gt;Musicalizar un texto, se debe escribir textos poéticos y se deben musicalizar, de este modo el alumnado al poner en práctica el proyecto hacen muestra del título de la unidad \"Que suene la música\"&lt;/p&gt;\n&lt;p&gt;El producto final es la creación de un videoclip de los poemas propios partiendo de la rima, siguiendo el orden establecido en la infografía adjunta.&lt;/p&gt;\n&lt;p&gt;&lt;img src=\"{{context_path}}/20251223141403600TMW/Infografia_Cronologica_Linea_deInfografia_Proteccion_de_Datos_Personales_y_Derechos_Digitales.pdf\" alt=\"INFOGRAFÍA\" /&gt;&lt;/p&gt;\n&lt;p&gt;&lt;a href=\"{{context_path}}/20251223141403600TMW/Escala_de_observacion.pdf\" title=\"Escala_de_observacion.pdf\" size=\"35.78 KB\" id=\"link_3\"&gt;{{context_path}}/20251223141403600TMW/Escala_de_observacion.pdf&lt;/a&gt;&lt;/p&gt;","textFeedbackInput":"Mostrar retroalimentación","textFeedbackTextarea":""}</jsonProperties><odeComponentsOrder>1</odeComponentsOrder><odeComponentsProperties><odeComponentsProperty><key>visibility</key><value>true</value></odeComponentsProperty><odeComponentsProperty><key>teacherOnly</key><value>false</value></odeComponentsProperty><odeComponentsProperty><key>identifier</key><value/></odeComponentsProperty><odeComponentsProperty><key>cssClass</key><value/></odeComponentsProperty></odeComponentsProperties></odeComponent></odeComponents></odePagStructure></odePagStructures></odeNavStructure><odeNavStructure><odePageId>20260104114641UVAKAU</odePageId><odeParentPageId>20260104114641VFOGKH</odeParentPageId><pageName>SYMBALOO</pageName><odeNavStructureOrder>11</odeNavStructureOrder><odeNavStructureProperties><odeNavStructureProperty><key>titleNode</key><value/></odeNavStructureProperty><odeNavStructureProperty><key>hidePageTitle</key><value>false</value></odeNavStructureProperty><odeNavStructureProperty><key>titleHtml</key><value/></odeNavStructureProperty><odeNavStructureProperty><key>editableInPage</key><value>false</value></odeNavStructureProperty><odeNavStructureProperty><key>titlePage</key><value>SYMBALOO</value></odeNavStructureProperty><odeNavStructureProperty><key>visibility</key><value>true</value></odeNavStructureProperty><odeNavStructureProperty><key>highlight</key><value>false</value></odeNavStructureProperty><odeNavStructureProperty><key>description</key><value/></odeNavStructureProperty></odeNavStructureProperties><odePagStructures><odePagStructure><odePageId>20260104114641UVAKAU</odePageId><odeBlockId>20260104114641LMAICF</odeBlockId><blockName>SYMBALOO</blockName><iconName/><odePagStructureOrder>1</odePagStructureOrder><odePagStructureProperties><odePagStructureProperty><key>visibility</key><value>true</value></odePagStructureProperty><odePagStructureProperty><key>teacherOnly</key><value>false</value></odePagStructureProperty><odePagStructureProperty><key>allowToggle</key><value>true</value></odePagStructureProperty><odePagStructureProperty><key>minimized</key><value>false</value></odePagStructureProperty><odePagStructureProperty><key>identifier</key><value/></odePagStructureProperty><odePagStructureProperty><key>cssClass</key><value/></odePagStructureProperty></odePagStructureProperties><odeComponents><odeComponent><odePageId>20260104114641UVAKAU</odePageId><odeBlockId>20260104114641LMAICF</odeBlockId><odeIdeviceId>202512231426097669Y6</odeIdeviceId><odeIdeviceTypeName>text</odeIdeviceTypeName><htmlView>&lt;div class="exe-text-template"&gt;&lt;div class="textIdeviceContent"&gt;
            &lt;div class="exe-text-activity"&gt;
                &lt;div&gt;&lt;p&gt;&lt;a href="https://www.symbaloo.com/shared/AAAAAv6hp9MAA41_H8IekQ==" title="SYMBALOO" id="link_4"&gt;https://www.symbaloo.com/shared/AAAAAv6hp9MAA41_H8IekQ==&lt;/a&gt;&lt;/p&gt;&lt;p class="clearfix"&gt;&lt;/p&gt;&lt;/div&gt;
            &lt;/div&gt;&lt;/div&gt;&lt;/div&gt;</htmlView><jsonProperties>{"ideviceId":"202512231426097669Y6","textInfoDurationInput":"","textInfoDurationTextInput":"Duración","textInfoParticipantsInput":"","textInfoParticipantsTextInput":"Agrupamiento","textTextarea":"&lt;p&gt;&lt;a href=\"https://www.symbaloo.com/shared/AAAAAv6hp9MAA41_H8IekQ==\" title=\"SYMBALOO\" id=\"link_4\"&gt;https://www.symbaloo.com/shared/AAAAAv6hp9MAA41_H8IekQ==&lt;/a&gt;&lt;/p&gt;","textFeedbackInput":"Mostrar retroalimentación","textFeedbackTextarea":""}</jsonProperties><odeComponentsOrder>1</odeComponentsOrder><odeComponentsProperties><odeComponentsProperty><key>visibility</key><value>true</value></odeComponentsProperty><odeComponentsProperty><key>teacherOnly</key><value>false</value></odeComponentsProperty><odeComponentsProperty><key>identifier</key><value/></odeComponentsProperty><odeComponentsProperty><key>cssClass</key><value/></odeComponentsProperty></odeComponentsProperties></odeComponent></odeComponents></odePagStructure></odePagStructures></odeNavStructure></odeNavStructures></ode>
